experiment,X1_ActualPosition_mean,X1_ActualPosition_std,X1_ActualPosition_max,X1_ActualPosition_min,X1_ActualVelocity_mean,X1_ActualVelocity_std,X1_ActualVelocity_max,X1_ActualVelocity_min,X1_ActualAcceleration_mean,X1_ActualAcceleration_std,X1_ActualAcceleration_max,X1_ActualAcceleration_min,X1_CommandPosition_mean,X1_CommandPosition_std,X1_CommandPosition_max,X1_CommandPosition_min,X1_CommandVelocity_mean,X1_CommandVelocity_std,X1_CommandVelocity_max,X1_CommandVelocity_min,X1_CommandAcceleration_mean,X1_CommandAcceleration_std,X1_CommandAcceleration_max,X1_CommandAcceleration_min,X1_CurrentFeedback_mean,X1_CurrentFeedback_std,X1_CurrentFeedback_max,X1_CurrentFeedback_min,X1_DCBusVoltage_mean,X1_DCBusVoltage_std,X1_DCBusVoltage_max,X1_DCBusVoltage_min,X1_OutputCurrent_mean,X1_OutputCurrent_std,X1_OutputCurrent_max,X1_OutputCurrent_min,X1_OutputVoltage_mean,X1_OutputVoltage_std,X1_OutputVoltage_max,X1_OutputVoltage_min,X1_OutputPower_mean,X1_OutputPower_std,X1_OutputPower_max,X1_OutputPower_min,Y1_ActualPosition_mean,Y1_ActualPosition_std,Y1_ActualPosition_max,Y1_ActualPosition_min,Y1_ActualVelocity_mean,Y1_ActualVelocity_std,Y1_ActualVelocity_max,Y1_ActualVelocity_min,Y1_ActualAcceleration_mean,Y1_ActualAcceleration_std,Y1_ActualAcceleration_max,Y1_ActualAcceleration_min,Y1_CommandPosition_mean,Y1_CommandPosition_std,Y1_CommandPosition_max,Y1_CommandPosition_min,Y1_CommandVelocity_mean,Y1_CommandVelocity_std,Y1_CommandVelocity_max,Y1_CommandVelocity_min,Y1_CommandAcceleration_mean,Y1_CommandAcceleration_std,Y1_CommandAcceleration_max,Y1_CommandAcceleration_min,Y1_CurrentFeedback_mean,Y1_CurrentFeedback_std,Y1_CurrentFeedback_max,Y1_CurrentFeedback_min,Y1_DCBusVoltage_mean,Y1_DCBusVoltage_std,Y1_DCBusVoltage_max,Y1_DCBusVoltage_min,Y1_OutputCurrent_mean,Y1_OutputCurrent_std,Y1_OutputCurrent_max,Y1_OutputCurrent_min,Y1_OutputVoltage_mean,Y1_OutputVoltage_std,Y1_OutputVoltage_max,Y1_OutputVoltage_min,Y1_OutputPower_mean,Y1_OutputPower_std,Y1_OutputPower_max,Y1_OutputPower_min,Z1_ActualPosition_mean,Z1_ActualPosition_std,Z1_ActualPosition_max,Z1_ActualPosition_min,Z1_ActualVelocity_mean,Z1_ActualVelocity_std,Z1_ActualVelocity_max,Z1_ActualVelocity_min,Z1_ActualAcceleration_mean,Z1_ActualAcceleration_std,Z1_ActualAcceleration_max,Z1_ActualAcceleration_min,Z1_CommandPosition_mean,Z1_CommandPosition_std,Z1_CommandPosition_max,Z1_CommandPosition_min,Z1_CommandVelocity_mean,Z1_CommandVelocity_std,Z1_CommandVelocity_max,Z1_CommandVelocity_min,Z1_CommandAcceleration_mean,Z1_CommandAcceleration_std,Z1_CommandAcceleration_max,Z1_CommandAcceleration_min,Z1_CurrentFeedback_mean,Z1_CurrentFeedback_std,Z1_CurrentFeedback_max,Z1_CurrentFeedback_min,Z1_DCBusVoltage_mean,Z1_DCBusVoltage_std,Z1_DCBusVoltage_max,Z1_DCBusVoltage_min,Z1_OutputCurrent_mean,Z1_OutputCurrent_std,Z1_OutputCurrent_max,Z1_OutputCurrent_min,Z1_OutputVoltage_mean,Z1_OutputVoltage_std,Z1_OutputVoltage_max,Z1_OutputVoltage_min,S1_ActualPosition_mean,S1_ActualPosition_std,S1_ActualPosition_max,S1_ActualPosition_min,S1_ActualVelocity_mean,S1_ActualVelocity_std,S1_ActualVelocity_max,S1_ActualVelocity_min,S1_ActualAcceleration_mean,S1_ActualAcceleration_std,S1_ActualAcceleration_max,S1_ActualAcceleration_min,S1_CommandPosition_mean,S1_CommandPosition_std,S1_CommandPosition_max,S1_CommandPosition_min,S1_CommandVelocity_mean,S1_CommandVelocity_std,S1_CommandVelocity_max,S1_CommandVelocity_min,S1_CommandAcceleration_mean,S1_CommandAcceleration_std,S1_CommandAcceleration_max,S1_CommandAcceleration_min,S1_CurrentFeedback_mean,S1_CurrentFeedback_std,S1_CurrentFeedback_max,S1_CurrentFeedback_min,S1_DCBusVoltage_mean,S1_DCBusVoltage_std,S1_DCBusVoltage_max,S1_DCBusVoltage_min,S1_OutputCurrent_mean,S1_OutputCurrent_std,S1_OutputCurrent_max,S1_OutputCurrent_min,S1_OutputVoltage_mean,S1_OutputVoltage_std,S1_OutputVoltage_max,S1_OutputVoltage_min,S1_OutputPower_mean,S1_OutputPower_std,S1_OutputPower_max,S1_OutputPower_min,S1_SystemInertia_mean,S1_SystemInertia_std,S1_SystemInertia_max,S1_SystemInertia_min,M1_CURRENT_FEEDRATE_mean,M1_CURRENT_FEEDRATE_std,M1_CURRENT_FEEDRATE_max,M1_CURRENT_FEEDRATE_min,material,feedrate,clamp_pressure,tool_condition,material_enc,target
1,151.99810426540284,8.315984254779519,198.0,141.0,-0.5149194312796208,5.875863658764279,44.9,-18.1,4.252890995260664,103.29953403644448,1030.0,-1090.0,151.99905213270142,8.309193318117522,198.0,141.0,-0.5160688246445497,5.871274379001859,44.7,-17.9,0.07518767791469182,81.31677783979076,937.0,-922.0,-0.3827622464454976,4.936648632161731,19.0,-17.0,0.0816067298578199,0.030217133920509863,0.319,0.0163,325.87582938388624,0.5768573247689252,329.0,322.0,10.755812322274881,6.3540042280006075,64.8,0.13,0.0008453170018957346,0.001223869393277744,0.0175,-0.00481,87.94303317535544,13.364287506052813,158.0,72.4,-0.7968815165876778,6.330470516804152,6.43,-32.7,3.437440758293839,74.11986318579693,550.0,-756.0,87.93943127962086,13.349369771661088,158.0,72.4,-0.7695097886255924,6.332473216481948,6.0,-32.3,3.003876368341232,80.42677840273032,911.0,-875.0,-0.2146116218009479,5.256362656689802,27.9,-14.6,0.07933469194312796,0.045751719104529964,0.345,0.0131,324.3905213270142,0.6107086850367379,328.0,322.0,9.327388625592418,8.303258830228527,51.2,0.163,0.000866134654379147,0.0019413426066504794,0.0144,-7.25e-05,30.477914691943127,9.469045515353836,119.0,27.5,-0.6291895734597157,8.748792005640292,50.2,-50.1,0.922701421800948,92.1914587693452,1110.0,-1170.0,30.473649289099527,9.436641183273672,119.0,27.5,-0.6215829383886257,8.820856960120377,50.0,-50.0,1.685308870900474,84.76633537151032,1000.0,-1000.0,0.0,0.0,0.0,0.0,0.0,0.0,0.0,0.0,0.0,0.0,0.0,0.0,0.0,0.0,0.0,0.0,31.6734028436019,1099.3050510661315,2140.0,-2150.0,51.68619028436019,9.09813262675951,53.7,-0.00325,1.5714857819905212,33.92907423355517,125.0,-95.0,32.10648341232227,1099.3024037762539,2140.0,-2150.0,51.607677725118485,9.219511928494132,53.3,0.0,0.47393363120379145,6.871208334681526,100.0,-9.54e-07,20.50883089099526,5.509617429071523,62.0,-0.694,0.901711564005782,0.2162504181080955,2.65,2.74e-19,320.1867298578199,2.6572399789089065,329.0,306.0,114.48822748815167,20.408308944886784,129.0,0.0,0.17189023067336492,0.03703323865530003,0.441,-1.06e-06,12.0,0.0,12.0,12.0,8.669194312796208,10.508311918154481,50.0,6.0,wax,6,4.0,unworn,0,0
2,184.87529976019184,21.837212840404895,198.0,141.0,-0.36853717026378896,6.8996446241259015,44.8,-20.4,4.38021582733813,116.0811336279781,1440.0,-1190.0,184.88669064748203,21.84530858600952,198.0,141.0,-0.3433102525179856,6.9730315602717665,44.7,-20.0,3.5927346412470027,98.4922123940985,1000.0,-1000.0,-0.26059769184652276,3.3358031219519644,25.8,-22.1,0.025753117505995207,0.05026008691801063,0.38,2.78e-19,326.8303357314149,1.619650071442423,330.0,321.0,4.747626498800959,10.595240516527443,67.2,0.0,0.0006743286467745803,0.0018907056518871358,0.0185,-0.00391,138.27464028776978,32.78029641116665,158.0,72.4,-0.5378117505995204,6.52282188754672,20.8,-32.6,0.6600119904076738,108.11185976494673,1150.0,-1210.0,138.27104316546763,32.78347326942363,158.0,72.4,-0.503957829736211,6.429990311412676,20.0,-32.4,5.523896710791368,133.02055535675112,1000.0,-1000.0,-0.060206474820143886,3.1384437104337324,14.4,-20.0,0.023418764988009592,0.049336924257339806,0.345,2.68e-19,328.6810551558753,3.326135921714781,333.0,321.0,3.848411990407674,9.956185733749601,52.6,0.0,0.0005967351800179856,0.002064266505055833,0.0143,-0.00492,96.25419664268586,37.663791951014105,119.0,27.5,-0.3767535971223022,7.068766945812415,50.3,-50.1,1.3260191846522782,74.13814698583136,1190.0,-1070.0,96.25083932853717,37.665366071959234,119.0,27.5,-0.36668465227817754,7.061279020644544,50.0,-50.0,1.2739809870503596,66.71113399533124,1000.0,-1000.0,0.0,0.0,0.0,0.0,0.0,0.0,0.0,0.0,0.0,0.0,0.0,0.0,0.0,0.0,0.0,0.0,-144.0863309352518,1163.1933940521726,2150.0,-2140.0,11.648042296163068,21.88736714777874,53.5,-0.004,-0.5583558153477218,19.02790033931173,125.0,-98.6,-143.97841726618705,1163.3203836737312,2150.0,-2140.0,11.36732613908873,21.804737289201583,53.3,0.0,0.2997601855551559,5.468463324188552,100.0,-9.54e-07,4.012309130695444,9.699025328032786,69.6,-6.27,0.20196366906767987,0.40058095236536456,3.0,0.0,326.6852517985611,4.873182198071353,332.0,292.0,25.1581654676259,48.226751495408024,123.0,0.0,0.0380241572397482,0.07402091035825906,0.535,-0.00164,12.0,0.0,12.0,12.0,42.80935251798561,13.52620541075245,50.0,6.0,wax,20,4.0,unworn,0,0
3,160.48060486522024,20.700744930715167,198.0,141.0,-0.37270545693622614,4.846183858273166,44.8,-18.3,-1.0494411571334648,95.85836185495991,1060.0,-1040.0,160.47863247863248,20.69985309437376,198.0,141.0,-0.36592173138067063,4.860596395483333,44.7,-17.9,-1.0012283576594345,76.14456064061051,894.0,-911.0,-0.5756917159763314,4.192263195803888,21.9,-19.7,0.06672044707429323,0.03593120596230047,0.348,0.0138,327.1604207758054,1.4673771200018197,330.0,322.0,8.1279258382643,6.543271831082963,65.9,0.0622,0.0005971111991847469,0.001260980493740898,0.0291,-0.00309,101.50447074293227,31.178799831723435,158.0,72.4,-0.5250657462195923,5.2475396893903765,6.72,-32.6,-0.8992767915844838,92.47153092909922,1090.0,-956.0,101.5025641025641,31.174886991733725,158.0,72.4,-0.5241488328336621,5.264866311699703,6.0,-32.4,-1.1247283460881,70.5771635758393,875.0,-875.0,-0.023274431295200522,4.474569587357015,30.7,-17.0,0.06322892833662064,0.0475770858377361,0.348,0.0114,325.89414858645625,1.4495820455754884,329.0,322.0,7.063300460223537,7.745779135051958,51.6,0.102,0.000602690057948718,0.0017030834956163626,0.0148,-0.000159,51.35818540433925,36.32318402560144,119.0,27.5,-0.3965318869165023,7.474488674233991,50.3,-50.3,0.7332675871137411,51.84957523210826,1030.0,-962.0,51.354174884944115,36.31942187392633,119.0,27.5,-0.40118343195266276,7.506034321140985,50.0,-50.0,-0.08218283708086785,31.901005667386485,875.0,-875.0,0.0,0.0,0.0,0.0,0.0,0.0,0.0,0.0,0.0,0.0,0.0,0.0,0.0,0.0,0.0,0.0,364.4692570677186,1039.8394412731598,2150.0,-2140.0,36.123483234714,24.794696094044365,53.5,-0.00525,-0.29573570019723866,29.526947938301245,139.0,-106.0,364.7648717948718,1039.717477361544,2150.0,-2140.0,35.78290598290598,25.011547011692976,53.3,0.0,0.3944772930927022,6.270404253253916,100.0,-9.54e-07,14.334602136752137,10.605947260645726,74.0,-1.25,0.623629191321499,0.45622949763877346,3.15,2.75e-19,322.9000657462196,4.700280646256077,330.0,290.0,79.30486522024984,55.41567387052677,129.0,0.0,0.11865371574293228,0.08505009639986338,0.551,-0.00129,12.0,0.0,12.0,12.0,12.074950690335307,15.183687914937693,50.0,6.0,wax,6,3.0,unworn,0,0
4,179.86466165413535,23.383169363664663,198.0,141.0,0.06526315789473686,8.254561709008566,50.7,-18.1,1.788721804511278,67.50991511653012,1020.0,-562.0,179.86654135338347,23.380965282563203,198.0,141.0,0.026669943609022626,8.205639172697028,50.0,-17.9,-4.161069728195489,57.62531606963896,13.5,-937.0,-0.48518827067669174,3.7047053175923446,17.4,-23.4,0.049009210526315794,0.043399391737005216,0.296,0.0129,327.92105263157896,1.4226339663177894,329.0,322.0,6.617488157894737,11.54843586915329,73.8,0.0727,0.0008030509883458646,0.002801477972774401,0.0218,-0.0001,132.22706766917292,33.49455447281711,158.0,73.0,0.0323496240601504,10.218683717440367,50.4,-32.6,1.5327067669172934,73.30113617664925,1060.0,-844.0,132.21691729323308,33.49351140872746,158.0,73.0,0.005609212406015099,10.174070775949756,50.0,-32.4,-3.7250784090225566,69.51770991387876,500.0,-1000.0,0.5787843984962406,3.873508125596141,22.8,-13.5,0.04740018796992481,0.051559683478630665,0.355,0.0127,326.57706766917295,1.5169104699827818,328.0,321.0,7.167622180451128,13.905540502116557,76.8,0.0842,0.00114139268518797,0.0037712608599633204,0.0238,-0.00123,88.35582706766918,41.165814441099535,119.0,29.5,-0.01053571428571433,11.710518592726219,50.2,-33.9,-0.1296052631578949,70.20844967171178,1040.0,-1040.0,88.3562030075188,41.16392999732897,119.0,29.5,-0.007894736842105402,11.745569092199545,50.0,-33.7,0.9398489048872181,48.50942160817837,1000.0,-500.0,0.0,0.0,0.0,0.0,0.0,0.0,0.0,0.0,0.0,0.0,0.0,0.0,0.0,0.0,0.0,0.0,-46.213815789473685,369.64317426117776,339.0,-486.0,15.40518937969925,23.75537558002278,53.5,-0.004,0.1913749999999999,22.051430830860056,133.0,-82.2,-46.05263157894737,369.62054491134137,339.0,-486.0,14.534962406015037,23.659154123120288,53.3,0.0,1.1278195972894736,10.569767159283183,100.0,0.0,6.835635187969925,11.544153219703272,75.4,-3.61,0.27746033956015037,0.48449725805170946,3.03,2.72e-19,325.4981203007519,5.455693499790375,329.0,290.0,32.10898496240601,52.15455536114551,130.0,0.0,0.05057347294962406,0.08508251049853655,0.568,-0.00201,12.0,0.0,12.0,12.0,26.18045112781955,21.945261327023534,50.0,6.0,wax,6,2.5,unworn,0,0
5,187.9047619047619,18.915831925892412,198.0,141.0,0.005649350649350684,9.450822842344774,50.2,-20.1,7.656277056277056,120.09579633250569,1030.0,-1140.0,187.9025974025974,18.93272808670282,198.0,141.0,0.05465367965367973,9.43659906642958,50.0,-20.0,5.090909091774892,108.51578792752949,1000.0,-1000.0,-0.6414580086580087,3.2890840057511443,21.6,-10.2,0.04255757575757576,0.04324879817233173,0.38,0.0152,326.7251082251082,1.3785533810014723,329.0,320.0,6.44096645021645,13.085437726578371,73.2,0.0665,0.0009504074575757577,0.003412640530393006,0.0388,-0.00606,143.60519480519483,27.005470142934538,158.0,73.0,0.0649891774891775,11.542783884986365,49.9,-32.7,10.807142857142857,80.08081603214558,1120.0,-200.0,143.62034632034633,26.997343355465617,158.0,73.0,0.11274891774891783,11.613605792287041,50.0,-32.4,5.3447357129870126,62.55488509968055,1000.0,-211.0,-0.2471889393939394,4.129473261477977,27.0,-14.1,0.04133225108225109,0.0575638336509675,0.422,0.0127,325.5021645021645,1.2750720582741466,327.0,319.0,7.805686363636363,15.7946838227094,74.3,0.0101,0.0015602891917532466,0.004859926505958948,0.0424,-0.000763,102.88311688311688,32.49328875514354,119.0,29.5,0.01714285714285707,12.605502695972076,50.1,-33.9,3.10021645021645,78.81525846823756,1270.0,-756.0,102.88116883116882,32.49470059143102,119.0,29.5,-0.0012554112554114055,12.585423830667377,50.0,-33.7,-0.7077922082251084,86.54237425785472,1000.0,-1000.0,0.0,0.0,0.0,0.0,0.0,0.0,0.0,0.0,0.0,0.0,0.0,0.0,0.0,0.0,0.0,0.0,-1420.8658008658008,127.3972188308801,-1220.0,-1510.0,6.222328463203463,16.484175520955844,53.5,-0.0135,0.45791233766233763,18.11167195099669,150.0,-66.5,-1420.8225108225108,127.43325798447115,-1220.0,-1510.0,5.298484848484849,15.793825432029664,53.3,0.0,1.2987012945714285,11.334088412509963,100.0,-9.54e-07,2.8212515151515154,8.837460066283409,66.5,-5.71,0.12353982683982684,0.40210087409007766,3.07,2.76e-19,326.0844155844156,2.935942199558653,328.0,306.0,11.999489177489178,35.570419681281315,123.0,0.0,0.021315963484848485,0.06621730308548175,0.56,-0.00156,12.0,0.0,12.0,12.0,22.025974025974026,20.138333327829073,50.0,6.0,wax,20,3.0,unworn,0,0
6,156.9344135802469,17.293769386071524,198.0,141.0,-0.4143672839506173,5.300498827780222,45.0,-18.2,4.197993827160494,90.80133601139791,1060.0,-1210.0,156.9351851851852,17.288167568621567,198.0,141.0,-0.42391185185185176,5.285871094054817,44.7,-17.9,0.26040167638888895,65.76208275020234,937.0,-894.0,-0.5498517901234569,4.527505879982303,15.2,-20.9,0.07347337962962963,0.03356884784491301,0.311,0.0145,325.3688271604938,1.3383850746109947,328.0,320.0,9.127859567901234,6.65751556431856,65.4,0.114,0.0007006624103395062,0.0011154634933073422,0.0155,-5.56e-05,95.87646604938271,26.284912245405213,158.0,72.4,-0.6599768518518518,5.6990806072386375,6.8,-32.6,-2.607638888888889,84.51393012762904,744.0,-881.0,95.87106481481482,26.281844004382563,158.0,72.4,-0.6543584313271604,5.703403151865157,6.0,-32.4,0.5292726708333333,72.72910645593771,911.0,-875.0,-0.08767770061728394,4.851969450459226,30.0,-26.8,0.07101851851851852,0.048072425697047075,0.411,0.0135,324.1134259259259,1.3293033530941516,327.0,320.0,7.850549691358025,8.08320739200773,51.4,0.0524,0.0007081136322530864,0.0018131355341555857,0.0199,-6.11e-05,43.030015432098764,30.174765626554944,119.0,27.7,-0.49649691358024695,7.863080234176835,50.3,-50.1,0.3511188271604939,88.30918895539475,1140.0,-1190.0,43.026234567901234,30.168367283879512,119.0,27.7,-0.49868827160493834,7.88584812145417,50.0,-50.0,0.4537040723765432,78.54675818554658,1000.0,-1000.0,0.0,0.0,0.0,0.0,0.0,0.0,0.0,0.0,0.0,0.0,0.0,0.0,0.0,0.0,0.0,0.0,-194.44539660493828,1051.592871653938,2150.0,-2140.0,42.40213827160493,21.334124739554827,53.5,-0.0613,0.14489814814814816,37.47693316010419,123.0,-107.0,-194.0521774691358,1051.6015532568426,2150.0,-2140.0,42.02260802469135,21.733478038112274,53.3,0.0,0.3858024706080247,6.2016997772070726,100.0,-9.54e-07,16.488665586419753,9.65829927685997,65.4,-5.1,0.7366787042291667,0.40555884039945617,2.98,2.79e-19,320.0925925925926,4.448320917780006,328.0,308.0,93.3815200617284,48.29826733508971,129.0,0.0,0.14015767837731483,0.0751343564254168,0.481,-0.00245,12.0,0.0,12.0,12.0,16.354938271604937,18.672481525716737,50.0,6.0,wax,6,4.0,worn,0,1
7,169.76637168141593,23.72347944674621,198.0,141.0,0.08646017699115043,13.194956000907156,50.3,-20.3,5.965398230088496,159.65216532725069,1130.0,-1180.0,169.74690265486726,23.73392726315445,198.0,141.0,0.03395805309734523,13.172738890533903,50.0,-20.0,-6.657153145486726,170.69696003298262,1000.0,-1000.0,-0.6753953982300885,4.858258161280177,19.5,-21.3,0.06704477876106195,0.055142876270322425,0.334,0.0147,326.08141592920356,1.6728192468777097,329.0,321.0,13.393613274336282,16.156527711043406,75.4,0.0763,0.0020502830853097345,0.0035742271227183343,0.0207,-0.00226,115.27681415929204,35.711010238353246,158.0,72.4,0.038884955752212395,13.031065953002194,49.7,-32.7,0.3068141592920354,184.30617272262538,1460.0,-1160.0,115.27150442477877,35.70728195249282,158.0,72.4,0.0972170067256638,13.174510130677527,50.0,-32.4,5.4340424778761065,174.72772025315237,1000.0,-1000.0,0.26107398230088497,5.9944072285253,29.4,-27.8,0.0729153982300885,0.07493456597170445,0.43,0.0129,324.83185840707966,1.63029092206089,327.0,320.0,12.154475398230089,16.740470706339213,72.7,0.0614,0.002389696865681416,0.005071101354597543,0.0274,-0.00158,69.44442477876106,42.92534329982572,119.0,27.7,0.002999999999999965,14.455033905624923,50.4,-50.3,-2.8055752212389384,93.95324111411814,1110.0,-1150.0,69.44690265486726,42.92918230532265,119.0,27.7,0.003433628318584004,14.471329256802784,50.0,-50.0,0.30442511646017684,91.30196605223536,1000.0,-1000.0,0.0,0.0,0.0,0.0,0.0,0.0,0.0,0.0,0.0,0.0,0.0,0.0,0.0,0.0,0.0,0.0,-518.2331504424778,618.5587540962748,306.0,-1220.0,27.065019380530973,26.337643121017162,53.6,-0.004,-1.6149044247787612,30.903646431970902,128.0,-137.0,-517.9959168141594,618.5750522943913,306.0,-1220.0,26.291327433628314,26.586749736149912,53.3,0.0,0.8849557522123894,9.373790430139817,100.0,-9.54e-07,11.85689607079646,12.58615391922876,70.1,-6.11,0.5111087451327433,0.5476140443538048,2.85,2.71e-19,322.8796460176991,4.959734308759038,328.0,300.0,58.839716814159296,59.437800625377044,124.0,0.0,0.09584085403787611,0.09921368251520593,0.489,-0.00174,12.0,0.0,12.0,12.0,29.504424778761063,13.969396575024525,50.0,20.0,wax,20,4.0,worn,0,1
8,161.2595041322314,21.76166269681312,198.0,141.0,-1.0218099173553719,11.443283249503981,44.8,-20.3,-6.37190082644628,182.10610271091875,1440.0,-1210.0,161.2396694214876,21.7622709517327,198.0,141.0,-0.9634894234710744,11.534043932807775,44.7,-20.0,3.614296101157025,172.15219640061,1000.0,-1000.0,-0.7795602330578513,5.117019639767503,24.4,-23.2,0.07373371900826446,0.05433470790997806,0.365,0.016,325.41818181818184,1.7991903992394243,328.0,320.0,12.965582644628098,14.087005395976508,65.5,0.0905,0.0018152941920826443,0.0027602558167454986,0.019,-0.00474,102.76132231404958,32.447533680654374,158.0,72.4,-1.528785123966942,10.718289266704147,20.5,-32.7,7.564793388429751,205.7653037210015,1220.0,-1120.0,102.74446280991735,32.44355194536829,158.0,72.4,-1.3942257851239668,10.674607214232445,20.0,-32.4,20.761331916694214,233.2944313105455,1000.0,-1000.0,-0.1847553223140496,5.25582403262227,22.2,-19.6,0.06894148760330579,0.06454111719703687,0.351,0.0108,324.1190082644628,1.6404607881975355,327.0,320.0,10.834007768595042,14.004685075466794,51.3,0.0687,0.0016773878666115703,0.0033121092399586954,0.0207,-0.00464,55.815702479338846,36.81355928273783,119.0,27.7,-1.0857107438016529,11.745062034433133,50.1,-50.0,4.944793388429753,127.26234851479812,1140.0,-1220.0,55.807933884297526,36.8083532737353,119.0,27.7,-1.0555371900826447,11.664850265047654,50.0,-50.0,3.651240300495868,132.19296181572383,1000.0,-1000.0,0.0,0.0,0.0,0.0,0.0,0.0,0.0,0.0,0.0,0.0,0.0,0.0,0.0,0.0,0.0,0.0,465.63305785123964,1216.7480819511738,2140.0,-2150.0,31.98058553719008,25.817833352290446,53.6,-0.02,-0.9877239669421489,33.1459841913354,122.0,-150.0,465.8148760330578,1216.7995974581697,2140.0,-2150.0,31.24793388429752,26.192484448502118,53.3,0.0,0.8264462999140496,9.060756737158883,100.0,-9.54e-07,12.977521041322314,11.643659840772374,66.4,-8.28,0.5817104144165289,0.5175624290725026,2.96,2.71e-19,321.92727272727274,4.749834434200625,328.0,305.0,69.88363636363636,58.512971989633215,124.0,0.0,0.1094299465292562,0.0943271099083899,0.503,-0.00119,12.0,0.0,12.0,12.0,27.140495867768596,12.786650857478634,50.0,20.0,wax,20,4.0,worn,0,1
9,161.87297297297297,21.83676864287531,198.0,141.0,-0.7351756756756757,9.412394221949803,45.0,-18.1,-1.8354729729729726,161.91086150154067,1330.0,-1160.0,161.86216216216215,21.836455116250715,198.0,141.0,-0.7050357836486486,9.456426093004254,44.7,-17.9,0.16150866135135145,131.07128624580724,1000.0,-1000.0,-0.575446054054054,4.660570736870753,18.8,-17.6,0.07008202702702702,0.047458745149334416,0.349,0.0148,325.2162162162162,1.8257685668829513,328.0,320.0,11.670745945945947,11.629783877129388,66.0,0.174,0.0014141938400810813,0.002223178613735915,0.0284,-0.00255,103.60878378378378,32.71227817363191,158.0,72.4,-1.1270540540540541,9.073366650735043,15.5,-32.7,3.0918918918918923,153.1926464401741,1250.0,-1160.0,103.60081081081081,32.70910454775531,158.0,72.4,-1.0673082027027025,9.071182618775127,15.0,-32.4,8.071514416756758,149.97941955715157,1000.0,-1000.0,-0.22604848648648646,5.015681144770692,25.4,-18.2,0.06626337837837838,0.05766324004460038,0.327,0.0126,323.9891891891892,1.7000809952501386,327.0,320.0,9.85285554054054,12.159192602168408,51.9,0.0471,0.0013505368255135135,0.002667747118609748,0.0136,-0.00342,55.7618918918919,37.518766172274184,119.0,27.7,-0.8922972972972973,10.713322371905793,50.1,-51.5,-1.9389864864864867,72.80394709611446,419.0,-1250.0,55.7572972972973,37.513572295272425,119.0,27.7,-0.8896351351351351,10.621792863190935,50.0,-50.0,0.21080977918918922,102.10605747979459,1000.0,-1000.0,0.0,0.0,0.0,0.0,0.0,0.0,0.0,0.0,0.0,0.0,0.0,0.0,0.0,0.0,0.0,0.0,-1045.4946635135134,909.9743059019536,383.0,-2050.0,32.81561452702702,25.685236380207076,53.5,-0.00325,-0.29659189189189183,30.903403937252587,117.0,-94.4,-1045.1447094594594,910.0497199411518,383.0,-2050.0,32.196756756756756,26.01868466272076,53.3,0.0,0.8108108469081081,8.973989890062906,100.0,-9.54e-07,13.385067837837838,11.567239829199414,70.0,-2.61,0.5883418919990541,0.5022491287110296,3.04,2.71e-19,321.3783783783784,5.045135125623216,328.0,305.0,71.5645945945946,57.77228561885909,128.0,0.0,0.11101460158448648,0.09247045422187816,0.514,-0.00227,12.0,0.0,12.0,12.0,30.22972972972973,17.363850661793567,50.0,15.0,wax,15,4.0,worn,0,1
10,158.41813989239046,22.35015972922684,198.0,141.0,-0.390065334358186,6.572474400538059,44.7,-18.3,7.0108378170637975,118.74583907588514,1380.0,-1280.0,158.41583397386626,22.347776241464544,198.0,141.0,-0.4294223750960799,6.556966812448757,44.7,-17.9,-3.483748909761722,90.62683427861124,1000.0,-1000.0,-1.1068804304381246,3.738619064136334,17.9,-17.3,0.06149408147578785,0.03702357320189979,0.315,0.0149,325.89392774788627,1.6472265803718693,328.0,320.0,7.9672298232129135,9.086365294316314,69.3,0.102,0.0007793675804765565,0.0016827638959342874,0.028,-0.00152,99.9076863950807,32.47674556374678,158.0,72.4,-0.6073750960799386,6.5417075112138425,12.7,-32.7,3.6575326671790926,115.55300670514767,1460.0,-1260.0,99.904381245196,32.47573916997237,158.0,72.4,-0.5924902382782475,6.520430715128648,12.0,-32.4,1.4575211375864718,92.54060126079752,1000.0,-1000.0,0.08331266717909301,3.932146125183004,19.0,-17.8,0.05049846272098386,0.04960032937953166,0.328,0.0129,324.7040737893928,1.5779900577137522,327.0,319.0,6.4987886241352815,9.60947902385458,51.0,0.104,0.0007537737727209839,0.0020135725220729404,0.0136,-0.00224,59.10184473481937,34.30353935061152,119.0,27.7,-0.48766333589546507,8.091937321354138,50.3,-50.6,0.7219830899308224,51.26336126981644,612.0,-1260.0,59.09638739431206,34.30070455680008,119.0,27.7,-0.49515757109915454,8.06904529157322,50.0,-50.0,-0.11760140445810915,32.467628932555314,500.0,-1000.0,0.0,0.0,0.0,0.0,0.0,0.0,0.0,0.0,0.0,0.0,0.0,0.0,0.0,0.0,0.0,0.0,-174.54957724827057,1108.8504449523282,2150.0,-2140.0,22.532241352805535,26.19446117237256,53.5,-0.00425,-0.0771095311299001,26.43666779187198,123.0,-98.1,-174.41813989239046,1108.8767402306428,2150.0,-2140.0,22.166794773251347,26.243264125283407,53.3,0.0,0.46118372464104535,6.777978468389456,100.0,-9.54e-07,9.070552959262105,11.399952271828592,70.0,-6.91,0.3931868070714835,0.48400622636209084,2.92,2.71e-19,323.95234435049963,3.955818047239987,328.0,311.0,49.115787855495775,58.11304516144804,125.0,0.0,0.07405897330846271,0.0893427163056763,0.533,-0.0028,12.0,0.0,12.0,12.0,35.04534973097617,18.57149023401755,50.0,12.0,wax,12,4.0,worn,0,1
11,155.82541054451167,15.475563570244566,198.0,141.0,-0.25063742437337944,3.368086968761235,45.0,-18.1,-3.0076490924805532,62.78903881932202,931.0,-975.0,155.82497839239412,15.472694890699652,198.0,141.0,-0.2431283794295592,3.3708734254670585,44.7,-17.9,0.40257027502160764,39.10674928638677,894.0,-894.0,-0.3725255790838375,4.215994138974755,16.9,-13.9,0.07050017286084702,0.027681292369120973,0.311,0.016,327.3094209161625,1.0857037070816853,330.0,323.0,7.2859529818496105,4.75847755768374,65.9,0.0882,0.00035955979213483143,0.0008851022821882861,0.0189,-0.00275,94.02934312878133,23.819825905810493,158.0,72.4,-0.3511754537597234,3.932852613722629,3.42,-32.7,-0.7020095073465861,52.35071789930234,887.0,-956.0,94.02579948141747,23.817838829480678,158.0,72.4,-0.35019101123595503,3.934196781274505,3.0,-32.3,-0.06482398245462401,33.83573246729412,647.0,-647.0,-0.12923978824546242,4.54038562618027,15.1,-22.0,0.0696919187554019,0.0407530794970325,0.339,0.0125,325.9407951598963,1.1924406911658307,329.0,323.0,6.626269230769231,5.904921075036291,52.0,0.141,0.00037556709557908386,0.0013470919559488257,0.0181,-6.31e-05,38.76218668971478,26.97596006957797,119.0,27.5,-0.2706892826274849,5.991287893321721,50.3,-50.5,-0.48316767502160757,50.930309687113706,1150.0,-1240.0,38.76127917026794,26.971544072035787,119.0,27.5,-0.2715125324114089,5.996626537816148,50.0,-50.0,-0.19204856594641315,47.22687656516561,1000.0,-1000.0,0.0,0.0,0.0,0.0,0.0,0.0,0.0,0.0,0.0,0.0,0.0,0.0,0.0,0.0,0.0,0.0,-363.60137337942956,1247.9277627737702,2140.0,-2150.0,46.18020948573898,18.051619642596776,53.8,-0.0035,1.7557837078651686,31.801152488473008,106.0,-82.4,-363.1985989628349,1248.0097078132485,2150.0,-2140.0,45.96452031114952,18.33616364330742,53.3,0.0,0.21607606660587728,4.644377098708855,100.0,-9.54e-07,18.287033146067415,8.200158578006663,70.8,-2.22,0.8019360414866034,0.34188585795227705,3.06,2.71e-19,322.0203111495246,3.8509882379696783,330.0,309.0,102.00751080380294,40.70443695620192,129.0,0.0,0.1534159314119706,0.06406112482339392,0.516,-0.00284,12.0,0.0,12.0,12.0,10.088591184096803,16.823732526940283,50.0,3.0,wax,3,4.0,unworn,0,0
12,152.66915641476274,11.716539915680864,198.0,141.0,-0.26064586994727595,3.3866996415078754,44.8,-18.1,-6.661181898066784,68.61520730720918,937.0,-975.0,152.66695957820738,11.712631583888557,198.0,141.0,-0.24723399144551844,3.3729439875776714,44.7,-17.9,0.7201135346221441,35.251045181385464,894.0,-894.0,-0.3649061159929701,4.100586836951854,15.8,-11.1,0.06995263620386644,0.026102907708712726,0.288,0.0149,327.20957820738136,0.9298543416783396,330.0,323.0,7.690318980667839,4.408777288741529,68.3,0.158,0.00035145524020210894,0.0008717543028888837,0.0207,-0.004,89.50452548330404,18.013892360412765,158.0,72.4,-0.35167618629173986,3.9577609543253267,3.6,-32.6,1.1840289982425307,44.16862479457056,406.0,-581.0,89.50254833040421,18.008510872163423,158.0,72.4,-0.3447833391915641,3.957965009231369,3.0,-32.4,1.4914500798769772,32.768093913586505,594.0,-469.0,-0.040685307557117745,4.378773255711741,13.1,-14.5,0.06980461335676626,0.0396415847897337,0.239,0.012,325.7970123022847,0.9820856218475787,329.0,322.0,6.69476230228471,5.935718393708471,51.0,0.146,0.00037464781789938486,0.0013303845253160728,0.016,-7.96e-05,34.754261862917396,18.785494856228155,119.0,27.5,-0.2842508787346222,5.943787777324101,50.0,-50.1,-1.5484622144112479,58.81285838930027,1090.0,-1100.0,34.750483304042184,18.779225714806067,119.0,27.5,-0.2843585237258348,5.955324634343228,50.0,-50.0,-0.2196836974516696,48.03794360244666,1000.0,-1000.0,0.0,0.0,0.0,0.0,0.0,0.0,0.0,0.0,0.0,0.0,0.0,0.0,0.0,0.0,0.0,0.0,32.37091388400703,1300.1647310003054,2150.0,-2150.0,46.85788038224956,17.28103434989659,53.6,-0.004,-0.1479657293497364,35.466832357457776,120.0,-92.4,32.72758787346222,1300.1943760021197,2150.0,-2150.0,46.62565905096661,17.612957037630444,53.3,0.0,0.2636203996370826,5.128752295729907,100.0,-9.54e-07,18.29468703866432,8.008213535794233,69.3,-6.02,0.811521577943761,0.3297861871091677,3.0,2.76e-19,322.26186291739896,3.539164221275451,330.0,298.0,103.42391476274165,39.074152414475414,129.0,0.0,0.15499453534753954,0.06196555480878097,0.552,-0.00191,12.0,0.0,12.0,12.0,9.504833040421792,16.233609780993337,50.0,3.0,wax,3,3.0,unworn,0,0
13,153.98880429914914,13.149858607991218,198.0,141.0,-0.2628907299596955,3.413097346548334,45.3,-18.2,0.11549484997760859,67.7164956002533,912.0,-894.0,153.98880429914914,13.146860019166775,198.0,141.0,-0.25501381549484997,3.416235750073318,44.7,-17.9,0.6673489004030453,31.08484039506166,894.0,-894.0,-0.42387435736677115,4.2566380173648515,18.6,-13.8,0.07174057321988356,0.026917554864554948,0.328,0.0165,327.2001791312136,0.9945009934445642,330.0,323.0,7.578590103000447,4.598613033517726,65.7,0.0367,0.00037247662579489475,0.0009157531241551921,0.0225,-0.00139,91.24460367218988,20.321019511674127,158.0,72.4,-0.3600268696820421,4.001235374217191,3.33,-32.7,0.19626063591580828,55.026502458306894,819.0,-787.0,91.24258844603672,20.318541903617458,158.0,72.4,-0.36333954321540524,4.004861776515599,3.0,-32.4,-0.11328140385132104,36.711668741585356,648.0,-608.0,-0.12890691446484548,4.4653924686394575,14.1,-18.3,0.07063510971786834,0.039375243911164225,0.309,0.0117,325.82355575459025,1.0584361916210403,329.0,322.0,6.895150873264666,5.867646990032115,51.7,0.0979,0.0003853478437080161,0.0013852695854763653,0.02,-6.97e-05,35.79323779668607,21.870580023409623,119.0,27.7,-0.28287729511867443,6.060201982464785,50.2,-50.2,-0.8415360501567397,52.34507720874004,1060.0,-1070.0,35.7922973578146,21.865924820169102,119.0,27.7,-0.284576802507837,6.062303524698584,50.0,-50.0,-0.565741241021048,53.570534136596386,1000.0,-1000.0,0.0,0.0,0.0,0.0,0.0,0.0,0.0,0.0,0.0,0.0,0.0,0.0,0.0,0.0,0.0,0.0,-319.1818002686968,1244.575540702908,2150.0,-2140.0,47.71830317957904,16.219251515243123,53.6,-0.00575,-0.22674093148231086,35.57276883667312,121.0,-145.0,-318.8307792207792,1244.5879451614283,2150.0,-2140.0,47.472010747872815,16.603337757021,53.3,0.0,0.2463054195736677,4.843636220481915,100.0,-9.54e-07,18.53020433945365,7.577834512345999,68.4,-1.62,0.8152612180922526,0.31167752404862614,2.84,2.7e-19,322.0913569189431,3.349247172976009,330.0,315.0,104.94919570085088,36.72651124819685,129.0,0.0,0.15576846366099417,0.05814537085657359,0.484,-0.00217,12.0,0.0,12.0,12.0,8.725033587102553,15.375514249966807,50.0,3.0,wax,3,4.0,worn,0,1
14,152.8228987993139,12.299317542602846,198.0,141.0,-0.24772298456260722,3.3561357947465535,45.2,-18.1,0.006239279588336258,72.398930784732,762.0,-919.0,152.82418524871355,12.296039408524251,198.0,141.0,-0.24734485673670667,3.3505103409270687,44.7,-17.9,-0.34486604331046306,43.153462339207,894.0,-868.0,-0.46886554459691254,4.329021703003677,18.4,-9.49,0.0717861063464837,0.0257644913249376,0.343,0.0148,327.39365351629505,1.0353316651282882,330.0,323.0,7.5536548027444255,4.57519915642392,65.5,0.122,0.0003586417076758148,0.0008632461687764554,0.0172,-4.64e-05,89.8392795883362,18.797657488780693,158.0,72.4,-0.34321183533447686,3.9173142756229966,3.45,-32.8,0.6852915951972557,44.752908183301656,694.0,-500.0,89.8347770154374,18.793755518703634,158.0,72.4,-0.34531055860634646,3.916081892029276,3.0,-32.4,-0.47860480085763296,34.96509040396338,648.0,-570.0,-0.07961566466552315,4.448780933786112,9.74,-14.1,0.06949849914236707,0.03863857411985943,0.206,0.0126,326.1346483704974,1.070592921129667,329.0,322.0,6.694792281303602,5.936520235547239,52.0,0.0389,0.00036490774429674103,0.0013154671602107217,0.0141,-6.78e-05,35.85896226415095,20.0212592147513,119.0,27.7,-0.27541380789022296,5.850730235095361,50.2,-50.1,-0.2567109777015438,63.832977718339684,1130.0,-1140.0,35.85690394511149,20.013121809207718,119.0,27.7,-0.26809605488850774,5.887315915961211,50.0,-50.0,0.5158661683533448,57.36575515085419,1000.0,-1000.0,0.0,0.0,0.0,0.0,0.0,0.0,0.0,0.0,0.0,0.0,0.0,0.0,0.0,0.0,0.0,0.0,368.787416380789,1256.8626506782316,2150.0,-2140.0,45.841796633790736,18.400244949768823,53.6,-0.00875,-1.3459461835334476,34.40016711676724,133.0,-114.0,369.16934176672385,1256.8969311018554,2150.0,-2140.0,45.615909090909085,18.69728069401551,53.3,0.0,0.21440823450343055,4.62644905272574,100.0,-9.54e-07,17.74122370497427,8.312005208720675,67.8,-4.93,0.7747721269297282,0.339615396261673,2.96,2.7e-19,322.3186106346484,3.6652198092166155,330.0,295.0,100.49701972555745,41.21319820103225,130.0,0.0,0.1480550349358705,0.06368408432843384,0.488,-0.00283,12.0,0.0,12.0,12.0,10.376500857632934,17.09994634032889,50.0,3.0,wax,3,3.0,worn,0,1
15,155.15061549601737,16.47551261494579,198.0,141.0,-0.4161875452570601,5.129592297584572,45.3,-18.1,-6.162056480811006,92.36748616951245,1100.0,-1120.0,155.1484431571325,16.472123336478663,198.0,141.0,-0.4157587255611875,5.118619033491336,44.7,-17.9,-2.127460186531499,54.87817741085062,716.0,-875.0,-0.5768511223750905,4.208290863910036,15.4,-22.2,0.06858776249094858,0.03358754430951373,0.306,0.0145,327.57060101375816,1.2871624789498664,330.0,323.0,8.837966690803766,6.53354957427197,64.6,0.147,0.0006363782816799421,0.0011479582072780972,0.0208,-0.000591,93.61151339608979,24.720466304302917,158.0,72.4,-0.5677480086893555,5.519468412383111,6.45,-32.5,7.403041274438813,75.44150501646789,1010.0,-800.0,93.60601013758146,24.715079890564777,158.0,72.4,-0.5690821868211441,5.53762686195389,6.0,-32.4,1.3680658250543085,70.93389067803668,875.0,-875.0,-0.06670209992758869,4.470831225196473,20.2,-15.5,0.06693128167994207,0.04489643306440757,0.326,0.0127,326.1998551774077,1.259410942083733,329.0,322.0,7.456989283128167,7.937042343641283,52.0,0.0776,0.0006534299262708183,0.0017484147924143089,0.0141,-6.61e-05,42.857711803041276,28.03490746372262,119.0,27.7,-0.46351556842867486,7.723444203678165,50.9,-50.2,-1.2537653874004344,64.63248925247271,1130.0,-1190.0,42.85467052860246,28.028821894498964,119.0,27.7,-0.46684286748732806,7.706673836324878,50.0,-50.0,0.16075273193338163,54.16860629506419,1000.0,-1000.0,0.0,0.0,0.0,0.0,0.0,0.0,0.0,0.0,0.0,0.0,0.0,0.0,0.0,0.0,0.0,0.0,-111.01699493120927,1407.0178634598406,2150.0,-2150.0,39.9406585807386,22.957646946677187,53.5,-0.069,0.7320021723388848,33.198788110564216,132.0,-92.6,-110.6947284576394,1407.0291627916758,2150.0,-2150.0,39.56133236784938,23.282674953838914,53.3,0.0,0.4344677997697321,6.579465161871117,100.0,-9.54e-07,15.7040151339609,9.85746849793853,70.0,-4.82,0.6652379635047068,0.4132767461130811,2.87,2.7e-19,323.8501086169442,3.825351407908905,330.0,297.0,86.71309268645909,51.003494573597,123.0,0.0,0.12657458946386677,0.07676048201018582,0.524,-0.00222,12.0,0.0,12.0,12.0,18.2664735698769,19.736781262005845,50.0,6.0,wax,6,3.0,worn,0,1
16,185.53654485049833,20.523339905759382,198.0,141.0,0.058031561461794015,9.747229269896856,50.1,-20.2,9.57873754152824,126.84141065639938,1280.0,-1230.0,185.5265780730897,20.53413515929391,198.0,141.0,0.12574317275747515,9.750792706312357,50.0,-20.0,9.579718083388704,131.45750631036458,1000.0,-1000.0,-0.46027076411960127,3.6810841458002064,27.1,-15.7,0.032659969152823924,0.05399831931497235,0.33,2.78e-19,329.07142857142856,1.6468234796396626,331.0,322.0,6.6482707641196015,13.77674460766407,74.0,0.0,0.0010925445353820598,0.0030511251518335093,0.0206,-0.00491,137.6762458471761,32.6301997231002,158.0,72.4,-0.020581395348837163,11.837915954843126,50.3,-32.7,-5.29875415282392,125.14502061196606,869.0,-1220.0,137.67093023255813,32.629977674831764,158.0,72.4,-0.045613120930232495,11.817462860625174,50.0,-32.4,-2.3398498644518275,128.16132218009272,1000.0,-1000.0,-0.5756590863787375,4.154855491988436,18.3,-22.3,0.03646810799003322,0.06545850032287782,0.364,2.78e-19,327.7940199335548,1.7346706649222592,330.0,321.0,7.345777408637875,16.38834359102608,75.1,0.0,0.001559016972255814,0.004328341095538749,0.0221,-0.00471,98.05564784053156,36.05462314201028,119.0,29.7,0.00029069767441852913,11.163554401656695,50.9,-33.8,1.3615448504983387,13.746103805167646,163.0,-75.0,98.05365448504983,36.05420897701992,119.0,29.7,0.003936877076411897,11.153832196225938,50.0,-33.6,-1.116278435215947,27.388675329477145,0.000191,-672.0,0.0,0.0,0.0,0.0,0.0,0.0,0.0,0.0,0.0,0.0,0.0,0.0,0.0,0.0,0.0,0.0,-452.1312292358804,265.7246915549637,-273.0,-927.0,10.821274833887042,21.013375772615838,53.6,-0.00425,0.036605481727574773,20.899894318314743,134.0,-98.9,-452.01328903654485,265.65038981112275,-273.0,-927.0,10.031395348837208,20.749320564138714,53.3,0.0,0.8305647808837209,9.083154180613144,100.0,-9.54e-07,5.027513272425249,10.40678771867522,71.7,-5.22,0.20806561462691028,0.4692021543612062,3.16,2.7e-19,327.80232558139534,4.3669986007567845,330.0,302.0,22.35227242524917,46.14442775140564,124.0,0.0,0.0373111245910299,0.08027847107386714,0.569,-0.00296,12.0,0.0,12.0,12.0,44.71760797342193,11.436142124044025,50.0,20.0,wax,20,3.0,worn,0,1
17,150.78279069767441,7.275332445629018,162.0,141.0,-4.4186046511628594e-05,3.0391540881200103,45.2,-3.45,1.6972558139534883,63.113501256549995,631.0,-762.0,150.78279069767441,7.27565224028412,162.0,141.0,0.00278036693023256,3.031585617116849,44.7,-3.0,0.416153928372093,25.014821529033913,894.0,-469.0,-0.2556872046511628,4.307037228390236,12.5,-13.0,0.07273925581395349,0.02461009665806802,0.248,0.0142,327.2386046511628,0.8055749831590167,330.0,323.0,7.377845302325581,4.037667487654193,63.8,0.0214,0.00034039454576744187,0.0007388752100880687,0.0166,-5.12e-05,86.6646976744186,11.731745927996949,105.0,72.4,0.0034604651162790647,2.061223129197454,3.5,-22.6,-0.016348837209302393,47.625843818870635,675.0,-706.0,86.66353488372093,11.731504975797177,105.0,72.4,-0.002101186046511625,2.058400169553257,3.0,-22.4,-0.6709547450232558,43.883480875551356,594.0,-608.0,0.04805773488372093,4.422352333934265,11.4,-10.9,0.07080948837209303,0.03669383982466636,0.234,0.0125,326.13209302325583,0.8130180866446791,329.0,322.0,6.3072217674418605,3.7661788548513364,36.6,0.0518,0.0002544335308139535,0.0004408794526849464,0.00964,-7.37e-05,30.749395348837208,7.148726948333558,55.7,27.5,0.00758604651162791,5.435357761296912,50.3,-50.1,-0.2906976744186046,65.38196793115601,1230.0,-1260.0,30.748697674418604,7.1478519505820675,55.7,27.5,0.0005116279069767449,5.418554263867285,50.0,-50.0,-0.8934881056744186,60.42552923609758,1000.0,-1000.0,0.0,0.0,0.0,0.0,0.0,0.0,0.0,0.0,0.0,0.0,0.0,0.0,0.0,0.0,0.0,0.0,-180.4635553488372,1179.1950810706473,2140.0,-2150.0,49.785634883720924,13.096745448130381,53.7,-0.003,1.4837474418604653,34.63229186797754,139.0,-125.0,-180.08536604651164,1179.2589304771607,2140.0,-2150.0,49.51520930232558,13.649770232041847,53.3,0.0,0.23255813598511627,4.817938064270938,100.0,-9.54e-07,18.92878186046512,6.521543197075581,70.3,-7.46,0.8247438139534884,0.26031844391854364,3.02,2.69e-19,322.326511627907,3.0165349226561418,330.0,300.0,108.71611627906977,29.975822459015717,123.0,0.0,0.15749668178813953,0.04785628710466451,0.487,-0.00184,12.0,0.0,12.0,12.0,6.978604651162791,13.086052589139715,50.0,3.0,wax,3,2.5,unworn,0,0
18,153.25343985796715,12.317698818867017,198.0,141.0,-0.2555503772747448,3.4313330984953345,45.3,-18.3,-1.8102751886373722,68.47723714447177,812.0,-912.0,153.25077674212162,12.316852077098321,198.0,141.0,-0.25125568660008873,3.4192495750409613,44.7,-17.9,0.17095263479804707,29.009206717356868,569.0,-894.0,-0.36439594318686197,4.238456636720706,18.5,-13.6,0.07238717265867732,0.025855770364487954,0.301,0.0156,327.3266755437195,0.9437009076599925,330.0,323.0,7.376281402574345,4.687359824669787,67.8,0.213,0.0003768211948513094,0.000998052979237588,0.0287,-0.00139,90.27256990679095,19.005247064818114,158.0,72.4,-0.36229027962716376,3.9982399675901954,3.33,-32.7,-1.865867731913005,50.196476139244815,606.0,-681.0,90.26662228140258,19.001783710743002,158.0,72.4,-0.3543404513981358,3.992433973471082,3.0,-32.4,0.5632943039502886,30.820834444054597,648.0,-648.0,-0.023894345761207286,4.453528388561156,12.1,-17.4,0.07030008877052818,0.03893987349455395,0.298,0.0124,326.1233910341767,0.9218333758701169,329.0,323.0,6.704631602308034,5.916247054784472,51.6,0.1,0.000381951929409676,0.0013413033700166834,0.0137,-6.49e-05,35.162938304482914,20.0363578867539,119.0,27.7,-0.29104083444296497,5.987461626535714,50.1,-50.1,-0.4411895250776743,56.35382052093307,1050.0,-1130.0,35.16036395916556,20.0311787444559,119.0,27.7,-0.2930758988015979,6.000589520477127,50.0,-50.0,-0.0692408424323125,54.73877573963354,1000.0,-1000.0,0.0,0.0,0.0,0.0,0.0,0.0,0.0,0.0,0.0,0.0,0.0,0.0,0.0,0.0,0.0,0.0,50.61119396360409,1290.0088099935467,2150.0,-2150.0,47.478223923657346,16.529082765425553,53.8,-0.004,1.3466400355082113,35.676666374955985,100.0,-101.0,51.05828229027963,1290.0189645873263,2150.0,-2150.0,47.23106968486462,16.900585467094842,53.3,0.0,0.22192632088504216,4.706720038050245,100.0,-9.54e-07,18.040192805592543,7.592262013000405,67.9,-3.94,0.7957851313355526,0.3074133757184825,2.81,2.69e-19,322.185086551265,3.463192586318299,330.0,300.0,104.27445184198845,37.32697771804014,129.0,0.0,0.15194206495130935,0.05708670462822839,0.457,-0.00211,12.0,0.0,12.0,12.0,7.634709276520195,13.182998863292188,50.0,3.0,wax,3,2.5,worn,0,1
